center,operation,radius,n_masks,f1_mean,f1_std,precision_mean,precision_std,recall_mean,recall_std,miou_mean,miou_std,gt_area_mean,gt_area_std,perturbed_area_mean,perturbed_area_std,area_ratio_mean,area_ratio_std
Colour1,dilation,1,822,0.9525572791465331,0.014167365272256698,0.9097585235441797,0.025597901130953133,0.999999999995523,2.1769229816785748e-12,0.9097585235441797,0.025597901130953133,26053.586374695864,10209.685772035657,28383.08394160584,10376.50879336089,1.100081077698043,0.031605397370678294
Colour1,dilation,2,822,0.9077609470723123,0.025934816684076843,0.8321204056385414,0.042958106423749635,0.999999999995523,2.1769229816785748e-12,0.8321204056385414,0.042958106423749635,26053.586374695864,10209.685772035657,30829.616788321167,10567.96773930716,1.2050595711822565,0.06435343474738929
Colour1,dilation,3,822,0.8687021893550124,0.03529097588733049,0.7695787467946283,0.0544775144202321,0.999999999995523,2.1769229816785748e-12,0.7695787467946283,0.0544775144202321,26053.586374695864,10209.685772035657,33182.49148418492,10746.532043199964,1.3061922967070208,0.09640289396525296
Colour1,erosion,1,822,0.9472228021970142,0.01769526468311881,0.9999999999949439,2.8148963790988847e-12,0.900265700754547,0.031451924854927024,0.900265700754547,0.031451924854927024,26053.586374695864,10209.685772035657,23731.74695863747,10049.14282331659,0.900265700754547,0.031451924854927024
Colour1,erosion,2,822,0.8856970539989084,0.04075042706496454,0.9999999999941245,4.049337428668056e-12,0.7971570235073947,0.06338436561012188,0.7971570235073947,0.06338436561012188,26053.586374695864,10209.685772035657,21326.626520681264,9876.83590327742,0.7971570235073947,0.06338436561012188
Colour1,erosion,3,822,0.8190143237456301,0.06926168926273198,0.99999999999292,7.342954553171945e-12,0.6989666782107433,0.09373711973387519,0.6989666782107433,0.09373711973387519,26053.586374695864,10209.685772035657,19036.514598540147,9726.569130994025,0.6989666782107433,0.09373711973387519
Colour2,dilation,1,871,0.9618046650771783,0.012399820118810793,0.9266929330212651,0.02286762006845626,0.9999999999967215,1.259596581264004e-12,0.9266929330212651,0.02286762006845626,35661.66590126292,15484.288825201082,38151.690011481056,15631.3385780992,1.0797724955769488,0.02702001762922012
Colour2,dilation,2,871,0.9245535910099142,0.023278862353549767,0.8605564764040008,0.03990993101206428,0.9999999999967215,1.259596581264004e-12,0.8605564764040008,0.03990993101206428,35661.66590126292,15484.288825201082,40803.56142365098,15803.059602264539,1.1645965047906262,0.055256663397819296
Colour2,dilation,3,871,0.8920242382559842,0.03218134301728664,0.8066013890229254,0.05194435534438482,0.9999999999967215,1.259596581264004e-12,0.8066013890229254,0.05194435534438482,35661.66590126292,15484.288825201082,43314.547646383464,15955.884762682843,1.2450657464037274,0.08254095898560218
Colour2,erosion,1,871,0.9583927447713202,0.014740516718991174,0.9999999999963964,1.4985235572789006e-12,0.920490540575131,0.02692297634466724,0.920490540575131,0.02692297634466724,35661.66590126292,15484.288825201082,33179.63719862227,15340.725914120358,0.920490540575131,0.02692297634466724
Colour2,erosion,2,871,0.9102904143024404,0.033105366767167105,0.999999999995967,1.850873102141277e-12,0.837010438341293,0.05465379853481773,0.837010438341293,0.05465379853481773,35661.66590126292,15484.288825201082,30568.587830080367,15179.38693336544,0.837010438341293,0.05465379853481773
Colour2,erosion,3,871,0.8601548719019264,0.05449596789161234,0.9999999999954355,2.3611368938294318e-12,0.7584965256209523,0.08116335638064676,0.7584965256209523,0.08116335638064676,35661.66590126292,15484.288825201082,28116.531572904707,15042.331610758976,0.7584965256209523,0.08116335638064676
Infrared1,dilation,1,276,0.9621486830999025,0.008859838315801019,0.9271983205289007,0.016393035660645604,0.9999999999963258,1.0877533974023074e-12,0.9271983205289007,0.016393035660645604,29755.010869565216,9435.014340858243,31940.985507246376,9555.11824222905,1.0788578083354978,0.019237163819253538
Infrared1,dilation,2,276,0.9255670390226299,0.01664962992930909,0.861892062041086,0.028728034488022126,0.9999999999963258,1.0877533974023074e-12,0.861892062041086,0.028728034488022126,29755.010869565216,9435.014340858243,34233.89492753623,9688.315208514816,1.1615423875961364,0.03921641856045376
Infrared1,dilation,3,276,0.892953938263274,0.02312654751830362,0.8073950010002869,0.03762088743581022,0.9999999999963258,1.0877533974023074e-12,0.8073950010002869,0.03762088743581022,29755.010869565216,9435.014340858243,36443.634057971016,9815.71696570704,1.2412751629305736,0.058695979856641836
Infrared1,erosion,1,276,0.9590094951482706,0.010444791051851723,0.9999999999959875,1.2775869616299198e-12,0.9214393137411415,0.01915155888601831,0.9214393137411415,0.01915155888601831,29755.010869565216,9435.014340858243,27577.105072463768,9318.802474837994,0.9214393137411415,0.01915155888601831
Infrared1,erosion,2,276,0.9127144883982445,0.023215103952919803,0.99999999999556,1.5527537760722032e-12,0.8402683319801144,0.038683801396517475,0.8402683319801144,0.038683801396517475,29755.010869565216,9435.014340858243,25325.25,9197.18235321148,0.8402683319801144,0.038683801396517475
Infrared1,erosion,3,276,0.8641851149642655,0.03775898220726434,0.9999999999950464,1.9462112791177786e-12,0.7627475202012383,0.057219000598977166,0.7627475202012383,0.057219000598977166,29755.010869565216,9435.014340858243,23174.583333333332,9087.659762183028,0.7627475202012383,0.057219000598977166
Infrared2,dilation,1,805,0.962934812221173,0.010369161933177704,0.928710478557729,0.019135976580696445,0.9999999999961637,1.515865396200527e-12,0.928710478557729,0.019135976580696445,29782.018633540374,11424.959532158267,31865.206211180124,11593.35247886011,1.077226763616201,0.022577055114277236
Infrared2,dilation,2,805,0.926733787348262,0.019581136549083222,0.8640836631842986,0.0336130619012051,0.9999999999961637,1.515865396200527e-12,0.8640836631842986,0.0336130619012051,29782.018633540374,11424.959532158267,34073.72049689441,11773.527940009151,1.159096749835834,0.04639984828661014
Infrared2,dilation,3,805,0.8948156881158182,0.02706584587103175,0.8107234362426786,0.04373984024136236,0.9999999999961637,1.515865396200527e-12,0.8107234362426786,0.04373984024136236,29782.018633540374,11424.959532158267,36179.40869565217,11947.319264717591,1.237189871442576,0.06927501076523669
Infrared2,erosion,1,805,0.9598626993153463,0.012272439394508668,0.9999999999958035,1.7998256061402708e-12,0.9230878904261347,0.02244103946013651,0.9230878904261347,0.02244103946013651,29782.018633540374,11424.959532158267,27706.942857142858,11259.832938280075,0.9230878904261347,0.02244103946013651
Infrared2,erosion,2,805,0.9140251545267276,0.027482753035275864,0.9999999999953376,2.216566938578737e-12,0.8428150725586928,0.04554983969035661,0.8428150725586928,0.04554983969035661,29782.018633540374,11424.959532158267,25539.4149068323,11089.72685264888,0.8428150725586928,0.04554983969035661
Infrared2,erosion,3,805,0.8665195868789686,0.04471027536471768,0.9999999999947746,2.8074399167596263e-12,0.7671215742429828,0.06718301452515602,0.7671215742429828,0.06718301452515602,29782.018633540374,11424.959532158267,23494.447204968943,10930.837796592328,0.7671215742429828,0.06718301452515602
Infrared3,dilation,1,658,0.9623177129914345,0.009357766697160088,0.9275280055637546,0.017268258666094313,0.9999999999964346,1.1053107530980098e-12,0.9275280055637546,0.017268258666094313,30595.841945288754,9346.363333817271,32834.79331306991,9462.92924358703,1.0785136727586344,0.0203741412130698
Infrared3,dilation,2,658,0.9257498744201568,0.01756891171183828,0.8622569099769312,0.030156689451371954,0.9999999999964346,1.1053107530980098e-12,0.8622569099769312,0.030156689451371954,30595.841945288754,9346.363333817271,35193.94680851064,9595.400748669426,1.1612000187368179,0.041616613689686825
Infrared3,dilation,3,658,0.8933125590161736,0.02431735675958317,0.8080575807079576,0.03927757077148163,0.9999999999964346,1.1053107530980098e-12,0.8080575807079576,0.03927757077148163,30595.841945288754,9346.363333817271,37456.234042553195,9720.38743645689,1.2405499306868746,0.06222735573602557
Infrared3,erosion,1,658,0.9591763520405866,0.011098055614031491,0.9999999999961057,1.3112070450456738e-12,0.9217715388664766,0.020292788281731085,0.9217715388664766,0.020292788281731085,30595.841945288754,9346.363333817271,28364.87841945289,9234.43908475995,0.9217715388664766,0.020292788281731085
Infrared3,erosion,2,658,0.9128014806743705,0.024818328220663523,0.9999999999956858,1.612252406798041e-12,0.8405282249293823,0.041113640165903034,0.8405282249293823,0.041113640165903034,30595.841945288754,9346.363333817271,26046.088145896658,9116.458722866339,0.8405282249293823,0.041113640165903034
Infrared3,erosion,3,658,0.8643426699281486,0.040786076381726225,0.9999999999951783,2.053959108527126e-12,0.7632828480185,0.06106621166374155,0.7632828480185,0.06106621166374155,30595.841945288754,9346.363333817271,23842.37689969605,9013.76165454454,0.7632828480185,0.06106621166374155
