radius,mean_uncertainty_all,mean_uncertainty_certain_positive,mean_uncertainty_uncertain_boundary,mean_uncertainty_certain_negative,pixels_certain_positive,pixels_uncertain_boundary,pixels_certain_negative
1,0.0005713528371416032,0.005357782356441021,0.035975176841020584,0.00030488643096759915,2141,1655,258348
1,0.0005801182705909014,0.00756086828187108,0.03823786601424217,0.00011661962344078347,4810,2248,255086
2,0.0005713528371416032,0.0018177124438807368,0.02418474107980728,0.00026194468955509365,1345,3303,257496
2,0.0005801182705909014,0.007473374716937542,0.02606978826224804,2.8331058274488896e-05,3713,4493,253938
3,0.0005713528371416032,0.0006273903418332338,0.0178957711905241,0.00024103524629026651,625,4891,256628
3,0.0005801182705909014,0.007480744272470474,0.01906871236860752,1.5704748875577934e-05,2638,6732,252774
1,0.0005503460997715592,0.006095420569181442,0.03701502084732056,0.00024134093837346882,2863,1747,257534
1,0.000469218532089144,0.001897476497106254,0.02786467783153057,0.00026499771047383547,3258,1747,257139
2,0.0005503460997715592,0.002258370164781809,0.02823907695710659,0.0001603756390977651,2018,3490,256636
2,0.000469218532089144,0.0010180548997595906,0.022460799664258957,0.00016444137145299464,2412,3491,256241
3,0.0005503460997715592,0.001343926414847374,0.021219827234745026,0.00012399459956213832,1193,5229,255722
3,0.000469218532089144,0.0008078411337919533,0.016304299235343933,0.0001425126101821661,1583,5234,255327
1,0.0005801520310342312,0.00575140118598938,0.025242703035473824,0.00013751945516560227,9261,2551,250332
1,0.0010134928161278367,0.0029415434692054987,0.053113266825675964,0.0007305663311854005,2390,1315,258439
2,0.0005801520310342312,0.00400972506031394,0.018808580935001373,9.680556104285643e-05,8017,5095,249032
2,0.0010134928161278367,0.001082222443073988,0.0299362950026989,0.0007181370165199041,1759,2628,257757
3,0.0005801520310342312,0.003123123664408922,0.015209044329822063,5.948284160695039e-05,6792,7636,247716
3,0.0010134928161278367,0.0007832025876268744,0.02046472206711769,0.0007166916038841009,1149,3936,257059
1,0.000697919400408864,0.009874251671135426,0.04885163530707359,5.407296339399181e-05,6265,2198,253681
1,0.0010527883423492312,0.0016874492866918445,0.033644311130046844,0.0008740086341276765,2181,1376,258587
2,0.000697919400408864,0.008616825565695763,0.029517851769924164,3.368251782376319e-05,5193,4394,252557
2,0.0010527883423492312,0.001338060013949871,0.02140108309686184,0.0008339564665220678,1517,2752,257875
3,0.000697919400408864,0.007819400168955326,0.02197791077196598,2.312716969754547e-05,4140,6587,251417
3,0.0010527883423492312,0.0012896741973236203,0.015381642617285252,0.0008222396136261523,874,4123,257147
1,0.0005632638931274414,0.0015267218695953488,0.04629546031355858,0.00023368428810499609,3836,1768,256540
1,0.0005368479760363698,0.0074590351432561874,0.04380118101835251,0.0002179196453653276,2325,1532,258287
2,0.0005632638931274414,0.001285760779865086,0.02563602663576603,0.00020841765217483044,2980,3532,255632
2,0.0005368479760363698,0.002137711737304926,0.03081708587706089,0.00016703094297554344,1586,3061,257497
3,0.0005632638931274414,0.0011669712839648128,0.017831362783908844,0.00019947669352404773,2144,5291,254709
3,0.0005368479760363698,0.0011040366953238845,0.021410522982478142,0.00016311777289956808,880,4572,256692
1,0.0017579760169610381,0.0035794167779386044,0.05457853525876999,0.0014219912700355053,4236,1485,256423
1,0.0003952932311221957,0.005230273120105267,0.03531036153435707,0.00018826166342478245,1569,1320,259255
2,0.0017579760169610381,0.0013558082282543182,0.036692239344120026,0.0013580872910097241,3520,2967,255657
2,0.0003952932311221957,0.0016168744768947363,0.026238135993480682,0.00012741185491904616,937,2636,258571
3,0.0017579760169610381,0.0007032418507151306,0.02778254821896553,0.001315583474934101,2822,4447,254875
3,0.0003952932311221957,0.0011314668226987123,0.019993867725133896,0.00010089483839692548,415,3858,257871
1,0.000600576342549175,0.003200311679393053,0.044287536293268204,0.00028691254556179047,2367,1712,258065
1,0.0010780745651572943,0.004196377471089363,0.044621530920267105,0.0006940427701920271,4412,1940,255792
2,0.000600576342549175,0.0009626804967410862,0.026006417348980904,0.00026046979473903775,1538,3421,257185
2,0.0010780745651572943,0.0026475137565284967,0.026566768065094948,0.0006688795401714742,3468,3877,254799
3,0.000600576342549175,0.0007625480066053569,0.017986254766583443,0.00025783065939322114,810,5045,256289
3,0.0010780745651572943,0.0025940886698663235,0.018420252948999405,0.0006657550111413002,2540,5812,253792
1,0.0005413781036622822,0.0009261428494937718,0.04172849655151367,0.0002432776236673817,4902,1803,255439
1,0.0009670275030657649,0.00950417760759592,0.05657433718442917,0.0004482222720980644,4581,1684,255879
2,0.0005413781036622822,0.0008420062949880958,0.021928075700998306,0.00023411394795402884,4029,3600,254515
2,0.0009670275030657649,0.005494910757988691,0.037371858954429626,0.0004196588124614209,3765,3366,255013
3,0.0005413781036622822,0.0007954276516102254,0.014996874146163464,0.00023081459221430123,3177,5392,253575
3,0.0009670275030657649,0.0038148444145917892,0.027774952352046967,0.0004016721504740417,2969,5044,254131
1,0.0008800404611974955,0.01748109795153141,0.046584032475948334,2.694776230782736e-05,6923,2208,253013
1,0.0005422165268100798,0.0032237654086202383,0.03570760414004326,0.00019988775602541864,2775,2291,257078
2,0.0008800404611974955,0.01660948246717453,0.029393542557954788,1.526982850919012e-05,5843,4416,251885
2,0.0005422165268100798,0.0024366441648453474,0.023634465411305428,0.00011752074351534247,1664,4570,255910
3,0.0008800404611974955,0.015783801674842834,0.022936537861824036,1.3414320164883975e-05,4783,6620,250741
3,0.0005422165268100798,0.0006743132835254073,0.01777001842856407,9.662470256444067e-05,836,6582,254726
1,0.00087649782653898,0.002382900333032012,0.04785168915987015,0.0004985886625945568,4425,1916,255803
1,0.0010801791213452816,0.005404561758041382,0.05612862855195999,0.0006351738120429218,3120,1834,257190
2,0.00087649782653898,0.0017002131789922714,0.026694482192397118,0.0004772563115693629,3494,3829,254821
2,0.0010801791213452816,0.0026714655105024576,0.033237021416425705,0.0006068769725970924,2235,3661,256248
3,0.00087649782653898,0.0017801214708015323,0.01829208806157112,0.00047340497258119285,2580,5741,253823
3,0.0010801791213452816,0.0018427639733999968,0.024483807384967804,0.0005735201411880553,1372,5482,255290
1,0.0004787340294569731,0.00629870081320405,0.03077187016606331,0.00023894380137789994,3425,1379,257340
1,0.0007156437495723367,0.010065153241157532,0.047353051602840424,2.338144986424595e-05,6873,2376,252895
2,0.0004787340294569731,0.004392415285110474,0.0199036356061697,0.0002283563808305189,2759,2752,256633
2,0.0007156437495723367,0.009328953921794891,0.027527986094355583,1.416912073182175e-05,5711,4750,251683
3,0.0004787340294569731,0.0031260272953659296,0.014886264689266682,0.0002250040415674448,2111,4119,255914
3,0.0007156437495723367,0.00950196385383606,0.01978623867034912,1.3253865290607791e-05,4570,7119,250455
1,0.0005554265226237476,0.003552439156919718,0.03642452508211136,0.00020614628738258034,3096,2242,256806
1,0.0007613853667862713,0.000843073648866266,0.04827596992254257,0.0004220142727717757,6714,1800,253630
2,0.0005554265226237476,0.0026857703924179077,0.02061450481414795,0.00018981820903718472,2025,4445,255674
2,0.0007613853667862713,0.000754897017031908,0.027293022722005844,0.00038399084587581456,5842,3596,252706
3,0.0005554265226237476,0.0032735303975641727,0.014202013611793518,0.00018957536667585373,992,6626,254526
3,0.0007613853667862713,0.0007209063041955233,0.019497055560350418,0.00036093060043640435,4986,5392,251766
1,0.00046128701069392264,0.0032261116430163383,0.04078710451722145,0.0001805777137633413,2949,1591,257604
1,0.0009516752324998379,0.0015143187483772635,0.04190916195511818,0.0006750205648131669,3774,1682,256688
2,0.00046128701069392264,0.0012018050765618682,0.026210924610495567,0.00013602069520857185,2179,3181,256784
2,0.0009516752324998379,0.001285933656617999,0.0282436590641737,0.000589137664064765,2960,3362,255822
3,0.00046128701069392264,0.000968695676419884,0.018202688544988632,0.00012788794992957264,1427,4769,255948
3,0.0009516752324998379,0.0011150181526318192,0.01963741146028042,0.0005809584399685264,2164,5039,254941
1,0.001016419380903244,0.003930970560759306,0.04834487661719322,0.0005987140466459095,5192,1931,255021
1,0.0006922560860402882,0.0024117196444422007,0.03496852144598961,0.0004100498044863343,4656,1871,255617
2,0.001016419380903244,0.0022572679445147514,0.027740076184272766,0.0005895790527574718,4253,3860,254031
2,0.0006922560860402882,0.0016861881595104933,0.025191880762577057,0.0003180965723004192,3750,3737,254657
3,0.001016419380903244,0.002147587016224861,0.019138628616929054,0.0005872471374459565,3335,5784,253025
3,0.0006922560860402882,0.0015360128600150347,0.018908612430095673,0.0002809505385812372,2868,5595,253681
1,0.0006719244411215186,0.0035252904053777456,0.04077906161546707,0.00034848449286073446,4965,1707,255472
1,0.0006861732108518481,0.003954180516302586,0.03384457901120186,0.0004695332027040422,1519,1543,259082
2,0.0006719244411215186,0.0013354127295315266,0.024277178570628166,0.0003448794304858893,4139,3411,254594
2,0.0006861732108518481,0.00048741590580902994,0.023267710581421852,0.0004212853091303259,819,3037,258288
3,0.0006719244411215186,0.0007703703595325351,0.016946209594607353,0.00034277193481102586,3333,5111,253700
3,0.0006861732108518481,0.00031135344761423767,0.019204365089535713,0.0003941003524232656,593,4073,257478
1,0.0009102736948989332,0.002354197669774294,0.04905039817094803,0.0005993535160087049,2298,1599,258247
1,0.00061544228810817,0.001704766065813601,0.049799539148807526,0.00028993416344746947,3342,1628,257174
2,0.0009102736948989332,0.0008799855713732541,0.027318555861711502,0.0005825847038067877,1525,3196,257423
2,0.00061544228810817,0.000987672945484519,0.034530624747276306,0.0001812048867577687,2554,3254,256336
3,0.0009102736948989332,0.0007210433832369745,0.019441964104771614,0.0005773614393547177,942,4619,256583
3,0.00061544228810817,0.0009080608142539859,0.024478571489453316,0.00015777259250171483,1784,4878,255482
1,0.0005920014809817076,0.000860457366798073,0.05226385220885277,0.00018368441669736058,5637,1982,254525
1,0.0015700862277299166,0.02003452740609646,0.056013643741607666,0.000849697447847575,4478,1866,255800
2,0.0005920014809817076,0.000721139891538769,0.02738104946911335,0.0001712602243060246,4676,3959,253509
2,0.0015700862277299166,0.018879644572734833,0.03770733252167702,0.0007988382712937891,3576,3726,254842
3,0.0005920014809817076,0.0006728712469339371,0.01855522207915783,0.0001688263437245041,3736,5931,252477
3,0.0015700862277299166,0.01830855756998062,0.030669672414660454,0.0007527219131588936,2696,5580,253868
1,0.0004970882437191904,0.007812798023223877,0.03910018131136894,2.2523754523717798e-05,5395,2108,254641
1,0.0006671430310234427,0.0028709983453154564,0.048033248633146286,0.0002611159288790077,3881,2016,256247
2,0.0004970882437191904,0.008388553746044636,0.021360380575060844,1.4344718692882452e-05,4365,4216,253563
2,0.0006671430310234427,0.0015258198836818337,0.029080111533403397,0.00020916307403240353,2903,4026,255215
3,0.0004970882437191904,0.009192446246743202,0.015197399072349072,1.3548086826631334e-05,3355,6320,252469
3,0.0006671430310234427,0.0010629137977957726,0.02106962539255619,0.00018007140897680074,1947,6030,254167
1,0.0014773220755159855,0.0025410044472664595,0.05749236047267914,0.00103751290589571,5866,1886,254392
1,0.0006515008863061666,0.0044597056694328785,0.03505118936300278,0.0001380578032694757,11158,2474,248512
2,0.0014773220755159855,0.001901889918372035,0.032724522054195404,0.0010050463024526834,4955,3763,253426
2,0.0006515008863061666,0.003041017334908247,0.024666111916303635,7.608835585415363e-05,9946,4935,247263
3,0.0014773220755159855,0.0018561333417892456,0.023377295583486557,0.0009824610315263271,4066,5634,252444
3,0.0006515008863061666,0.002290495904162526,0.019403649494051933,2.9659615393029526e-05,8749,7393,246002
1,0.0008209466468542814,0.011688594706356525,0.062306616455316544,0.00021262273367028683,2728,2064,257352
1,0.0011519480030983686,0.035891637206077576,0.05612980201840401,0.00026824563974514604,3845,1695,256604
2,0.0008209466468542814,0.005925672594457865,0.04127225652337074,0.0001353027328150347,1721,4127,256296
2,0.0011519480030983686,0.037512488663196564,0.03899579122662544,0.00022091039863880724,3021,3389,255734
3,0.0008209466468542814,0.0016241436824202538,0.03058718331158161,0.00012259634968359023,958,5962,255224
3,0.0011519480030983686,0.041408926248550415,0.03218212351202965,0.00018252719019073993,2239,5057,254848
1,0.0004991228925064206,0.0016250896733254194,0.041553862392902374,0.00012979567691218108,7181,2078,252885
1,0.0006448805797845125,0.00450050737708807,0.05365775525569916,9.242756641469896e-05,6181,2195,253768
2,0.0004991228925064206,0.0008754166774451733,0.022968335077166557,0.0001196946541313082,6174,4149,251821
2,0.0006448805797845125,0.0035490558948367834,0.030038315802812576,7.552575698355213e-05,5109,4389,252646
3,0.0004991228925064206,0.0008087599417194724,0.015594951808452606,0.00011860749509651214,5187,6214,250743
3,0.0006448805797845125,0.0029676498379558325,0.021303566172719002,6.716416100971401e-05,4059,6577,251508
1,0.0005914884968660772,0.00665050046518445,0.04116794466972351,0.00031193523318506777,2254,1444,258446
1,0.0007690376369282603,0.00577665027230978,0.04704376682639122,0.0002748311962932348,5356,2140,254648
2,0.0005914884968660772,0.002470756182447076,0.025453411042690277,0.00030178565066307783,1559,2885,257700
2,0.0007690376369282603,0.003234298201277852,0.02869260683655739,0.00025618314975872636,4314,4276,253554
3,0.0005914884968660772,0.0018832327332347631,0.018107829615473747,0.000294798199320212,922,4284,256938
3,0.0007690376369282603,0.00145293481182307,0.020875152200460434,0.00024974875850602984,3292,6408,252444
1,0.0006720360834151506,0.007886731065809727,0.049560267478227615,0.00014718988677486777,5806,1875,254463
1,0.0006707709981128573,0.007033743895590305,0.05240144208073616,3.890069274348207e-05,5894,2376,253874
2,0.0006720360834151506,0.00528655294328928,0.03266673907637596,0.00011021555110346526,4898,3745,253501
2,0.0006707709981128573,0.0027367661241441965,0.033179592341184616,2.103829501720611e-05,4733,4749,252662
3,0.0006720360834151506,0.0034726238809525967,0.024579422548413277,9.659791976446286e-05,4013,5608,252523
3,0.0006707709981128573,0.0020309770479798317,0.022969378158450127,2.007399598369375e-05,3592,7118,251434
1,0.0006412265356630087,0.006297793705016375,0.050969723612070084,1.64217381097842e-05,8132,2212,251800
1,0.0006072315154597163,0.01061734464019537,0.04046157747507095,2.7306507035973482e-05,5650,2280,254214
2,0.0006412265356630087,0.005320138763636351,0.028807858005166054,1.2904202776553575e-05,7054,4420,250670
2,0.0006072315154597163,0.0074703628197312355,0.026147514581680298,2.4022097932174802e-05,4534,4560,253050
3,0.0006412265356630087,0.005287427455186844,0.02013443410396576,1.2042583875881974e-05,5995,6625,249524
3,0.0006072315154597163,0.007232522591948509,0.01881122589111328,2.2952412109589204e-05,3443,6831,251870
1,0.0005115993553772569,0.0024637531023472548,0.0490146242082119,2.216633947682567e-05,7561,2242,252341
1,0.000708315521478653,0.008659448474645615,0.039384301751852036,0.0002745228121057153,3016,2261,256867
2,0.0005115993553772569,0.0020788947585970163,0.02589804120361805,1.8587388694868423e-05,6468,4479,251197
2,0.000708315521478653,0.008015095256268978,0.03057149611413479,0.00012657891784328967,1922,4511,255711
3,0.0005115993553772569,0.0019236683147028089,0.01776832342147827,1.7954882423509844e-05,5396,6711,250037
3,0.000708315521478653,0.006514835171401501,0.025495806708931923,4.997679207008332e-05,1103,6502,254539
1,0.0005801431252621114,0.010256815701723099,0.050911519676446915,3.7485828215721995e-05,3665,2060,256419
1,0.00045474187936633825,0.0044522956013679504,0.032011713832616806,8.907532173907384e-05,5098,2306,254740
2,0.0005801431252621114,0.007502016145735979,0.030889837071299553,1.9059154510614462e-05,2659,4120,255365
2,0.00045474187936633825,0.0035596913658082485,0.021433942019939423,2.4963450414361432e-05,3976,4606,253562
3,0.0005801431252621114,0.007327915169298649,0.022060485556721687,1.527857966721058e-05,1694,6155,254295
3,0.00045474187936633825,0.0032335249707102776,0.015471997670829296,1.2929082913615275e-05,2875,6893,252376
1,0.0008617381099611521,0.01638690009713173,0.05379563942551613,2.593512908788398e-05,6030,2240,253874
1,0.00048650457756593823,0.002979409648105502,0.055114153772592545,2.7866708478541113e-05,4807,1925,255412
2,0.0008617381099611521,0.017046485096216202,0.0309300534427166,1.2927299394505098e-05,4937,4477,252730
2,0.00048650457756593823,0.0020080613903701305,0.029919244349002838,1.921574948937632e-05,3877,3839,254428
3,0.0008617381099611521,0.018144989386200905,0.022783029824495316,1.1561275641724933e-05,3863,6711,251570
3,0.00048650457756593823,0.0016770947258919477,0.02062639780342579,1.6018786482163705e-05,2967,5745,253432
1,0.0007753410609439015,0.0048458450473845005,0.04689929634332657,0.00028119361377321184,6237,2168,253739
1,0.0008106072200462222,0.012592526152729988,0.03199587017297745,8.368759154109284e-05,8287,2723,251134
2,0.0007753410609439015,0.0034309665206819773,0.028199264779686928,0.00025122700026258826,5186,4326,252632
2,0.0008106072200462222,0.010347766801714897,0.02347836084663868,5.117694308864884e-05,6955,5441,249748
3,0.0007753410609439015,0.0028481900226324797,0.020727582275867462,0.00022711927886120975,4155,6479,251510
3,0.0008106072200462222,0.009013300761580467,0.019168796017766,2.1390485926531255e-05,5643,8155,248346
1,0.0005290179396979511,0.0032187839969992638,0.04119834303855896,0.00015684858954045922,5444,1971,254729
1,0.0005250248359516263,0.001913412706926465,0.04786016047000885,0.00015557951701339334,6029,1808,254307
2,0.0005290179396979511,0.0017126600723713636,0.026364823803305626,0.00010738913260865957,4488,3935,253721
2,0.0005250248359516263,0.0017786443931981921,0.02716120146214962,0.00011942166747758165,5149,3616,253379
3,0.0005290179396979511,0.0014527058228850365,0.01817234233021736,0.00010451101115904748,3553,5894,252697
3,0.0005250248359516263,0.0017272536642849445,0.01877463608980179,0.00011262813495704904,4287,5422,252435
1,0.0011002742685377598,0.0038806512020528316,0.0550595223903656,0.0005482375854626298,9745,2059,250340
1,0.0005060883704572916,0.0047100381925702095,0.04346882179379463,2.9490585802705027e-05,5579,2275,254290
2,0.0011002742685377598,0.0025712058413773775,0.0354195199906826,0.000482304603792727,8744,4114,249286
2,0.0005060883704572916,0.002546147210523486,0.02578156255185604,1.5949604858178645e-05,4468,4548,253128
3,0.0011002742685377598,0.002068954985588789,0.02673063986003399,0.0004333911929279566,7763,6165,248216
3,0.0005060883704572916,0.001991384895518422,0.01792772486805916,1.4867046047584154e-05,3378,6816,251950
1,0.0018056780099868774,0.02156340330839157,0.08733570575714111,0.0005875056376680732,5832,2271,254041
1,0.0007570999441668391,0.007677037268877029,0.05609450116753578,0.00011999548587482423,4657,2355,255132
2,0.0018056780099868774,0.02028086595237255,0.05870940163731575,0.0004396352742332965,4724,4537,252883
2,0.0007570999441668391,0.006991708185523748,0.03451740741729736,4.5464435970643535e-05,3507,4705,253932
3,0.0018056780099868774,0.019923347979784012,0.04577712342143059,0.00035890607978217304,3662,6773,251709
3,0.0007570999441668391,0.006525346543639898,0.024836596101522446,3.136785016977228e-05,2382,7046,252716
1,0.0005231049144640565,0.006853231694549322,0.04066826030611992,3.465468034846708e-05,5287,2264,254593
1,0.0010129130678251386,0.010064704343676567,0.04980739951133728,0.0003605240199249238,5965,2288,253891
2,0.0005231049144640565,0.0065888091921806335,0.023019015789031982,2.1165344151086174e-05,4179,4528,253437
2,0.0010129130678251386,0.00988343171775341,0.03326530009508133,0.00025933043798431754,4850,4571,252723
3,0.0005231049144640565,0.006368440575897694,0.016542967408895493,2.05775741051184e-05,3095,6784,252265
3,0.0010129130678251386,0.009481996297836304,0.0273560993373394,0.0001688854827079922,3752,6853,251539
1,0.000612392439506948,0.007276597432792187,0.048190001398324966,9.913727990351617e-05,5104,2036,255004
1,0.0006427376065403223,0.005674072541296482,0.050461772829294205,0.0001713707169983536,3647,2058,256439
2,0.000612392439506948,0.0037569794803857803,0.03434060886502266,2.1594316422124393e-05,4114,4065,253965
2,0.0006427376065403223,0.0032574597280472517,0.03006158396601677,0.0001420634362148121,2648,4111,255385
3,0.000612392439506948,0.0030315264593809843,0.02422749251127243,1.4452785762841813e-05,3151,6081,252912
3,0.0006427376065403223,0.003375257132574916,0.02072119526565075,0.00013846580986864865,1669,6160,254315
1,0.001314092194661498,0.014826365746557713,0.052619099617004395,0.000807087984867394,2828,1800,257516
1,0.0007228152244351804,0.0025690686888992786,0.05903460085391998,0.00018176910816691816,3943,2250,255951
2,0.001314092194661498,0.012034465558826923,0.03558347746729851,0.0007522872765548527,1958,3594,256592
2,0.0007228152244351804,0.0013701659627258778,0.03223034366965294,0.00015962727775331587,2847,4496,254801
3,0.001314092194661498,0.009534284472465515,0.027120882645249367,0.0007416162989102304,1203,5288,255653
3,0.0007228152244351804,0.0011893094051629305,0.022128187119960785,0.00015115620044525713,1774,6735,253635
1,0.0005787562113255262,0.006711057852953672,0.03900443762540817,0.00015696704213041812,4518,2084,255542
1,0.0006081123137846589,0.011618666350841522,0.04871724173426628,5.9846795920748264e-05,4857,1800,255487
2,0.0005787562113255262,0.006013195030391216,0.022625474259257317,0.00014317562454380095,3504,4164,254476
2,0.0006081123137846589,0.011123367585241795,0.0304346214979887,2.2256432202993892e-05,3983,3596,254565
3,0.0005787562113255262,0.005224545951932669,0.016838951036334038,0.00013227311137598008,2509,6241,253394
3,0.0006081123137846589,0.01080458052456379,0.022627191618084908,1.4596073015127331e-05,3130,5387,253627
1,0.0004371428512968123,0.0025946914684027433,0.045891743153333664,1.587821498105768e-05,5109,2120,254915
1,0.0006125903455540538,0.017100945115089417,0.041830189526081085,1.750430601532571e-05,4070,2068,256006
2,0.0004371428512968123,0.0014582605799660087,0.02501027099788189,1.0473228030605242e-05,4075,4238,253831
2,0.0006125903455540538,0.01871575601398945,0.0242010448127985,1.2699066246568691e-05,3063,4133,254948
3,0.0004371428512968123,0.0011742045171558857,0.017075687646865845,9.906008017424028e-06,3059,6354,252731
3,0.0006125903455540538,0.021378887817263603,0.018293196335434914,1.139606592914788e-05,2077,6193,253874
1,0.0005887646111659706,0.005063198506832123,0.0460762158036232,0.00012008001795038581,4560,2183,255401
1,0.0008238912560045719,0.011174405924975872,0.04307696223258972,0.00013242868590168655,8124,2132,251888
2,0.0005887646111659706,0.003593282075598836,0.026499249041080475,0.00010270746861351654,3494,4365,254285
2,0.0008238912560045719,0.006785718258470297,0.033871665596961975,9.399661212228239e-05,7085,4261,250798
3,0.0005887646111659706,0.0024668113328516483,0.01922622323036194,8.883335249265656e-05,2447,6544,253153
3,0.0008238912560045719,0.0035744826309382915,0.027032285928726196,8.709926623851061e-05,6066,6383,249695
1,0.00047343020560219884,0.004157165996730328,0.041615165770053864,7.846003427403048e-05,5700,1933,254511
1,0.0011090550106018782,0.014259492047131062,0.05092224106192589,0.0001709804346319288,8910,2372,250862
2,0.00047343020560219884,0.0030850297771394253,0.02552042156457901,4.31229782407172e-05,4762,3859,253523
2,0.0011090550106018782,0.014757276512682438,0.03260328993201256,8.748706750338897e-05,7751,4739,249654
3,0.00047343020560219884,0.0026770553085952997,0.018091117963194847,3.6435707443160936e-05,3842,5783,252519
3,0.0011090550106018782,0.015963323414325714,0.024521399289369583,4.4474400056060404e-05,6614,7100,248430
1,0.0005534176016226411,0.0023175436072051525,0.04924556985497475,7.001200719969347e-05,7722,2224,252198
1,0.0022342626471072435,0.0168203953653574,0.06563277542591095,0.0016668178141117096,3455,1507,257182
2,0.0005534176016226411,0.001959271961823106,0.026317385956645012,6.030125587130897e-05,6639,4443,251062
2,0.0022342626471072435,0.012304066680371761,0.04454933851957321,0.0016301722498610616,2729,3011,256404
3,0.0005534176016226411,0.0018083809409290552,0.018123647198081017,5.751382923335768e-05,5579,6655,249910
3,0.0022342626471072435,0.010136024095118046,0.033525221049785614,0.0016194113995879889,2022,4512,255610
1,0.0009880589786916971,0.02176443301141262,0.0741456001996994,0.0001849127875175327,3834,1728,256582
1,0.0009961944306269288,0.019779333844780922,0.04939669743180275,0.00016516407777089626,6275,1925,253944
2,0.0009880589786916971,0.018439698964357376,0.04788349196314812,0.00014998152619227767,2995,3455,255694
2,0.0009961944306269288,0.01922621577978134,0.03278931975364685,0.0001278175477636978,5342,3846,252956
3,0.0009880589786916971,0.01843080297112465,0.036050233989953995,0.00012667458213400096,2178,5176,254790
3,0.0009961944306269288,0.019678262993693352,0.02548092231154442,0.00010808626393554732,4431,5758,251955
1,0.0005267891683615744,0.010246051475405693,0.04717681184411049,6.0828588175354525e-05,3185,1904,257055
1,0.0008217799477279186,0.002157342853024602,0.05355476960539818,0.0003282246761955321,5581,2239,254324
2,0.0005267891683615744,0.010038571432232857,0.02924913540482521,1.6067264368757606e-05,2260,3805,256079
2,0.0008217799477279186,0.001282126409932971,0.02972661890089512,0.00030294444877654314,4491,4473,253180
3,0.0005267891683615744,0.011959019117057323,0.020971156656742096,1.0938428204099182e-05,1408,5649,255087
3,0.0008217799477279186,0.001184097956866026,0.02062372677028179,0.00029003311647102237,3419,6705,252020
1,0.0015971878310665488,0.016910109668970108,0.037740450352430344,0.0006099489401094615,11303,2008,248833
1,0.0006005922332406044,0.0062129804864525795,0.04312397539615631,0.0002251699479529634,3540,1800,256804
2,0.0015971878310665488,0.015047980472445488,0.039070576429367065,0.0004295534163247794,10323,4016,247805
2,0.0006005922332406044,0.005272816866636276,0.026407063007354736,0.0001893908338388428,2669,3594,255881
3,0.0015971878310665488,0.013336117379367352,0.03713851794600487,0.00028489463147707283,9365,6018,246761
3,0.0006005922332406044,0.005740499123930931,0.019381608814001083,0.0001673872902756557,1818,5383,254943
1,0.0007580230012536049,0.0024867260362952948,0.04855853691697121,0.0004779383889399469,2108,1439,258597
1,0.00044492032611742616,0.006642736494541168,0.029091063886880875,0.00019302494183648378,2675,1688,257781
2,0.0007580230012536049,0.0011150420177727938,0.028163524344563484,0.00045070741907693446,1418,2873,257853
2,0.00044492032611742616,0.005133587867021561,0.020185040310025215,0.0001517274067737162,1856,3375,256913
3,0.0007580230012536049,0.0007462403154931962,0.019782597199082375,0.00044408318353816867,808,4243,257093
3,0.00044492032611742616,0.005039137322455645,0.01524410955607891,0.00013362523168325424,1055,5058,256031
1,0.00049751898040995,0.0038113605696707964,0.041837528347969055,5.9616642829496413e-05,5520,2252,254372
1,0.0012123979395255446,0.007327871862798929,0.058805812150239944,0.000662072969134897,5741,1823,254580
2,0.00049751898040995,0.003655905369669199,0.02329656295478344,3.7125617382116616e-05,4421,4501,253222
2,0.0012123979395255446,0.0065636285580694675,0.034189373254776,0.000636399956420064,4858,3642,253644
3,0.00049751898040995,0.003557063639163971,0.01631738804280758,3.365254815435037e-05,3344,6744,252056
3,0.0012123979395255446,0.0070162564516067505,0.02382710948586464,0.0006325978902168572,4000,5452,252692
1,0.0005287365056574345,0.005868169479072094,0.04204316437244415,6.904517795192078e-05,5638,2092,254414
1,0.0006571562844328582,0.011891061440110207,0.050575751811265945,3.482294414425269e-05,4386,2199,255559
2,0.0005287365056574345,0.00462545407935977,0.025638867169618607,3.947996083297767e-05,4617,4183,253344
2,0.0006571562844328582,0.009816558100283146,0.031085871160030365,1.2320339919824619e-05,3312,4395,254437
3,0.0005287365056574345,0.0035496328491717577,0.019003689289093018,2.6229085051454604e-05,3616,6270,252258
3,0.0006571562844328582,0.009203369729220867,0.02257358469069004,1.0986247616528999e-05,2257,6588,253299
1,0.0006662250380031765,0.00304592028260231,0.048064470291137695,0.0002267297386424616,6658,2016,253470
1,0.001912723178975284,0.004779013339430094,0.0461990162730217,0.0016685731243342161,1636,1323,259185
2,0.0006662250380031765,0.002343307016417384,0.027701424434781075,0.00019691785564646125,5676,4030,252438
2,0.001912723178975284,0.0018994096899405122,0.03593587875366211,0.0015662246150895953,1012,2633,258499
3,0.0006662250380031765,0.0020657526329159737,0.019362103193998337,0.0001907865662360564,4714,6040,251390
3,0.001912723178975284,0.0016969726420938969,0.03256891667842865,0.0014772273134440184,680,3667,257797
1,0.001045943470671773,0.015228595584630966,0.053745295852422714,0.00029328427626751363,5992,2017,254135
1,0.0005265079089440405,0.005142758600413799,0.062156036496162415,0.00013138499343767762,2017,1507,258620
2,0.001045943470671773,0.014672224409878254,0.03276858851313591,0.00027149589732289314,5017,4024,253103
2,0.0005265079089440405,0.00169627764262259,0.03565384820103645,0.00011085196456406265,1292,3008,257844
3,0.001045943470671773,0.015275749377906322,0.02414565347135067,0.0002644997730385512,4063,6024,252057
3,0.0005265079089440405,0.0004387740627862513,0.025027401745319366,0.00010448869579704478,662,4430,257052
1,0.0005608830833807588,0.0031826866324990988,0.043203458189964294,0.00016860668256413192,3577,2139,256428
1,0.0006160676130093634,0.002954342868179083,0.04640881344676018,0.00015893350064288825,5874,2236,254034
2,0.0005608830833807588,0.0020982890855520964,0.026241948828101158,0.00011555257515283301,2534,4276,255334
2,0.0006160676130093634,0.0014462742256000638,0.026066027581691742,0.00015043016173876822,4781,4471,252892
3,0.0005608830833807588,0.0012537020957097411,0.020139936357736588,6.347351882141083e-05,1515,6405,254224
3,0.0006160676130093634,0.0012009572237730026,0.01797395385801792,0.00014539399126078933,3709,6701,251734
1,0.0006696454947814345,0.016548465937376022,0.04777137562632561,0.00023603839508723468,2023,1697,258424
1,0.0006780225085094571,0.012181500904262066,0.0663260966539383,7.954754255479202e-05,2262,1955,257927
2,0.0006696454947814345,0.019493842497467995,0.028801221400499344,0.00021515862317755818,1309,3285,257550
2,0.0006780225085094571,0.01028520055115223,0.04098502919077873,2.4746204871917143e-05,1385,3834,256925
3,0.0006696454947814345,0.019893985241651535,0.02292373590171337,0.00020611680520232767,999,4483,256662
3,0.0006780225085094571,0.010272449813783169,0.0301281176507473,2.116849645972252e-05,785,5452,255907
1,0.0006319485837593675,0.006262075621634722,0.047928910702466965,0.00012232344306539744,4263,2247,255634
1,0.0008664173656143248,0.006843111012130976,0.04132353886961937,0.00038120211684145033,5954,2167,254023
2,0.0006319485837593675,0.005011118948459625,0.028963247314095497,7.761209417367354e-05,3166,4490,254488
2,0.0008664173656143248,0.004236329346895218,0.030577007681131363,0.0002922769053839147,4897,4332,252915
3,0.0006319485837593675,0.0059654307551681995,0.021615896373987198,3.076400753343478e-05,2092,6726,253326
3,0.0008664173656143248,0.0037896239664405584,0.02223649062216282,0.0002704552316572517,3859,6494,251791
1,0.0007898913463577628,0.018023855984210968,0.053119078278541565,2.659352685441263e-05,4448,2261,255435
1,0.0005251100519672036,0.005240567494183779,0.05197402462363243,5.46898772881832e-05,4447,1931,255766
2,0.0007898913463577628,0.01707628183066845,0.032310400158166885,1.5599700418533757e-05,3345,4518,254281
2,0.0005251100519672036,0.0028526156675070524,0.029692867770791054,5.104941374156624e-05,3507,3861,254776
3,0.0007898913463577628,0.01700352132320404,0.02435629814863205,1.4536984053847846e-05,2261,6772,253111
3,0.0005251100519672036,0.0015101291937753558,0.02094092033803463,4.9580576160224155e-05,2588,5786,253770
1,0.00027117301942780614,0.005898808129131794,0.03404493257403374,1.660907219047658e-05,2112,1596,258436
1,0.0004381289181765169,0.0038883599918335676,0.04217216745018959,9.3631781055592e-05,3262,1852,257030
2,0.00027117301942780614,0.0032682572491467,0.01995162107050419,1.4020190974406432e-05,1373,3157,257614
2,0.0004381289181765169,0.0009205727255903184,0.024565251544117928,8.470252942061052e-05,2360,3704,256080
3,0.00027117301942780614,0.0006011585355736315,0.014458317309617996,1.3548794413509313e-05,722,4646,256776
3,0.0004381289181765169,0.0006772171473130584,0.01690887100994587,7.82939896453172e-05,1478,5552,255114
1,0.0017428228165954351,0.04176738113164902,0.04155794531106949,0.0001614930952200666,7868,2106,252170
1,0.0006296540377661586,0.0012115671997889876,0.04956907778978348,0.0002839130465872586,3133,1780,257231
2,0.0017428228165954351,0.040780745446681976,0.039796844124794006,4.1024726670002565e-05,6845,4207,251092
2,0.0006296540377661586,0.0008734825532883406,0.02769026719033718,0.00025206978898495436,2271,3556,256317
3,0.0017428228165954351,0.042051050812006,0.0327809676527977,1.7968883184948936e-05,5849,6297,249998
3,0.0006296540377661586,0.0007611455512233078,0.020720183849334717,0.00020993682846892625,1431,5326,255387
1,0.00045529863564297557,0.0016423434717580676,0.04357883706688881,4.758449358632788e-05,5657,2248,254239
1,0.0005312631255947053,0.010665366426110268,0.0460909865796566,0.0001688474731054157,1898,1635,258611
2,0.00045529863564297557,0.0011277758749201894,0.02329500950872898,3.772026320802979e-05,4560,4493,253091
2,0.0005312631255947053,0.006739145610481501,0.027718694880604744,0.0001600017712917179,1108,3267,257769
3,0.00045529863564297557,0.0009847538312897086,0.01600591465830803,3.2430438295705244e-05,3485,6732,251927
3,0.0005312631255947053,0.0019887397065758705,0.020527873188257217,0.00015866353351157159,481,4752,256911
1,0.0006775509100407362,0.0011933466885238886,0.05493265390396118,0.00021461996948346496,6475,2102,253567
1,0.0007028694963082671,0.013217197731137276,0.05475384742021561,4.908023765892722e-05,3963,2179,256002
2,0.0006775509100407362,0.0008495831280015409,0.02931559830904007,0.00019735534442588687,5450,4201,252493
2,0.0007028694963082671,0.010184862650930882,0.03378890082240105,2.9724349587922916e-05,2899,4355,254890
3,0.0006775509100407362,0.0008239925373345613,0.020204823464155197,0.00018608551181387156,4447,6294,251403
3,0.0007028694963082671,0.010205904953181744,0.024908483028411865,1.1679983799695037e-05,1870,6512,253762
1,0.0007534862961620092,0.004344743676483631,0.049968965351581573,0.00038945366395637393,2479,1727,257938
1,0.0007207933813333511,0.0058844382874667645,0.04783519357442856,0.00019749734201468527,5492,2224,254428
2,0.0007534862961620092,0.003849895903840661,0.027784476056694984,0.00037079289904795587,1643,3451,257050
2,0.0007207933813333511,0.0027805797290056944,0.03157401829957962,0.00014340101915877312,4406,4446,253292
3,0.0007534862961620092,0.004566837102174759,0.020045410841703415,0.0003554612922016531,889,5109,256146
3,0.0007207933813333511,0.0018538512522354722,0.022434184327721596,0.00013190439494792372,3340,6664,252140
1,0.0008489277679473162,0.019308913499116898,0.047687627375125885,0.0001417683088220656,4832,1951,255361
1,0.0005346647230908275,0.008946109563112259,0.029226133599877357,9.868475171970204e-05,5675,2200,254269
2,0.0008489277679473162,0.020056992769241333,0.030887585133314133,9.517683065496385e-05,3884,3899,254361
2,0.0005346647230908275,0.005947585683315992,0.02422351762652397,2.479824070178438e-05,4602,4397,253145
3,0.0008489277679473162,0.021668951958417892,0.023644158616662025,8.028202864807099e-05,2958,5841,253345
3,0.0005346647230908275,0.0034073253627866507,0.018649475648999214,2.0683031834778376e-05,3552,6587,252005
1,0.0022158888168632984,0.030264314264059067,0.020268019288778305,6.753099296474829e-05,17008,2455,242681
1,0.0006369120092131197,0.002759111113846302,0.05777360498905182,0.0001156301805167459,6195,2086,253863
2,0.0022158888168632984,0.03008175641298294,0.01978359930217266,3.4345728636253625e-05,15806,4909,241429
2,0.0006369120092131197,0.0018287961138412356,0.0331377312541008,7.686948083573952e-05,5183,4166,252795
3,0.0022158888168632984,0.029683921486139297,0.018861165270209312,3.32484814862255e-05,14624,7359,240161
3,0.0006369120092131197,0.0016328798374161124,0.023373449221253395,5.6329325161641464e-05,4189,6244,251711
1,0.0008159746648743749,0.013257191516458988,0.041806772351264954,0.0003372463397681713,3862,1823,256459
1,0.0005270974361337721,0.0034444439224898815,0.05039171874523163,5.975100430077873e-05,3927,2170,256047
2,0.0008159746648743749,0.010936668142676353,0.02722039818763733,0.00032157404348254204,2978,3643,255523
2,0.0005270974361337721,0.0012757173972204328,0.02817539870738983,4.853618156630546e-05,2870,4335,254939
3,0.0008159746648743749,0.009643258526921272,0.020617837086319923,0.00031794921960681677,2110,5462,254572
3,0.0005270974361337721,0.0006742952391505241,0.01926601491868496,4.6440953155979514e-05,1833,6496,253815
1,0.0005634455010294914,0.0011513070203363895,0.04863911122083664,0.00017012652824632823,4360,2039,255745
1,0.0010730945505201817,0.016076065599918365,0.05568631738424301,0.00020283766207285225,7259,2035,252850
2,0.0005634455010294914,0.0009762307745404541,0.02691001445055008,0.00013656614464707673,3369,4074,254701
2,0.0010730945505201817,0.015990853309631348,0.037036314606666565,0.00012125119974371046,6272,4063,251809
3,0.0005634455010294914,0.0008989816997200251,0.018247053027153015,0.00013457004388328642,2397,6106,253641
3,0.0010730945505201817,0.016524331644177437,0.028685376048088074,7.612621266162023e-05,5307,6084,250753
1,0.0012700274819508195,0.04690302535891533,0.04222821816802025,0.00010597550863167271,4851,1855,255438
1,0.0007918872870504856,0.015188722871243954,0.04561835154891014,0.00039314859895966947,2278,1566,258300
2,0.0012700274819508195,0.05055864900350571,0.029637031257152557,9.15078999241814e-05,3952,3706,254486
2,0.0007918872870504856,0.011323387734591961,0.030915286391973495,0.0003635416505858302,1523,3129,257492
3,0.0012700274819508195,0.057455502450466156,0.024452390149235725,8.132838411256671e-05,3072,5554,253518
3,0.0007918872870504856,0.009175583720207214,0.02337011508643627,0.0003585167578421533,874,4602,256668
